,batchno,day,dish,fname,Mean82,FLAG
0,#13,34,/Day34/#13/#13_0.3-1,../data/x4///Day34/#13/#13_0.3-1/1_XY02_00135_CH4.tif,17.0,0
1,#13,34,/Day34/#13/#13_0.3-1,../data/x4///Day34/#13/#13_0.3-1/1_XY02_00147_CH4.tif,17.0,0
2,#13,34,/Day34/#13/#13_0.5-2,../data/x4///Day34/#13/#13_0.5-2/1_XY06_00106_CH4.tif,18.5,0
3,#13,34,/Day34/#13/#13_0.5-2,../data/x4///Day34/#13/#13_0.5-2/1_XY06_00120_CH4.tif,18.5,0
4,#13,34,/Day34/#13/#13_0.5-2,../data/x4///Day34/#13/#13_0.5-2/1_XY06_00121_CH4.tif,18.5,0
5,#13,34,/Day34/#13/#13_0.5-2,../data/x4///Day34/#13/#13_0.5-2/1_XY06_00092_CH4.tif,18.5,0
6,#13,34,/Day34/#13/#13_0.5-2,../data/x4///Day34/#13/#13_0.5-2/1_XY06_00107_CH4.tif,18.5,0
7,#13,34,/Day34/#13/#13_0.5-2,../data/x4///Day34/#13/#13_0.5-2/1_XY06_00117_CH4.tif,18.5,0
8,#13,34,/Day34/#13/#13_0.5-2,../data/x4///Day34/#13/#13_0.5-2/1_XY06_00090_CH4.tif,18.5,0
9,#13,34,/Day34/#13/#13_0.5-2,../data/x4///Day34/#13/#13_0.5-2/1_XY06_00133_CH4.tif,18.5,0
10,#13,34,/Day34/#13/#13_0.5-2,../data/x4///Day34/#13/#13_0.5-2/1_XY06_00105_CH4.tif,18.5,0
11,#13,34,/Day34/#13/#13_0.5-2,../data/x4///Day34/#13/#13_0.5-2/1_XY06_00148_CH4.tif,18.5,0
12,#13,34,/Day34/#13/#13_0.5-2,../data/x4///Day34/#13/#13_0.5-2/1_XY06_00104_CH4.tif,18.5,0
13,#13,34,/Day34/#13/#13_0.5-2,../data/x4///Day34/#13/#13_0.5-2/1_XY06_00091_CH4.tif,18.5,0
14,#13,34,/Day34/#13/#13_0.5-2,../data/x4///Day34/#13/#13_0.5-2/1_XY06_00132_CH4.tif,18.5,0
15,#13,34,/Day34/#13/#13_0.5-2,../data/x4///Day34/#13/#13_0.5-2/1_XY06_00108_CH4.tif,18.5,0
16,#13,34,/Day34/#13/#13_0.5-2,../data/x4///Day34/#13/#13_0.5-2/1_XY06_00118_CH4.tif,18.5,0
17,#13,34,/Day34/#13/#13_0.5-2,../data/x4///Day34/#13/#13_0.5-2/1_XY06_00136_CH4.tif,18.5,0
18,#13,34,/Day34/#13/#13_0.5-2,../data/x4///Day34/#13/#13_0.5-2/1_XY06_00119_CH4.tif,18.5,0
19,#13,34,/Day34/#13/#13_0.5-2,../data/x4///Day34/#13/#13_0.5-2/1_XY06_00134_CH4.tif,18.5,0
20,#13,34,/Day34/#13/#13_0.5-2,../data/x4///Day34/#13/#13_0.5-2/1_XY06_00146_CH4.tif,18.5,0
21,#13,34,/Day34/#13/#13_0.5-2,../data/x4///Day34/#13/#13_0.5-2/1_XY06_00135_CH4.tif,18.5,0
22,#13,34,/Day34/#13/#13_0.5-2,../data/x4///Day34/#13/#13_0.5-2/1_XY06_00147_CH4.tif,18.5,0
23,#11,20,/Day20/#11/#11_0.5A,../data/x4///Day20/#11/#11_0.5A/1_XY01_00107_CH4.tif,12.0,0
24,#11,20,/Day20/#11/#11_0.5A,../data/x4///Day20/#11/#11_0.5A/1_XY01_00117_CH4.tif,12.0,0
25,#11,20,/Day20/#11/#11_0.5A,../data/x4///Day20/#11/#11_0.5A/1_XY01_00121_CH4.tif,12.0,0
26,#11,20,/Day20/#11/#11_0.5A,../data/x4///Day20/#11/#11_0.5A/1_XY01_00120_CH4.tif,12.0,0
27,#11,20,/Day20/#11/#11_0.5A,../data/x4///Day20/#11/#11_0.5A/1_XY01_00106_CH4.tif,12.0,0
28,#11,20,/Day20/#11/#11_0.5A,../data/x4///Day20/#11/#11_0.5A/1_XY01_00091_CH4.tif,12.0,0
29,#11,20,/Day20/#11/#11_0.5A,../data/x4///Day20/#11/#11_0.5A/1_XY01_00132_CH4.tif,12.0,0
30,#11,20,/Day20/#11/#11_0.5A,../data/x4///Day20/#11/#11_0.5A/1_XY01_00104_CH4.tif,12.0,0
31,#11,20,/Day20/#11/#11_0.5A,../data/x4///Day20/#11/#11_0.5A/1_XY01_00148_CH4.tif,12.0,0
32,#11,20,/Day20/#11/#11_0.5A,../data/x4///Day20/#11/#11_0.5A/1_XY01_00105_CH4.tif,12.0,0
33,#11,20,/Day20/#11/#11_0.5A,../data/x4///Day20/#11/#11_0.5A/1_XY01_00090_CH4.tif,12.0,0
34,#11,20,/Day20/#11/#11_0.5A,../data/x4///Day20/#11/#11_0.5A/1_XY01_00133_CH4.tif,12.0,0
35,#11,20,/Day20/#11/#11_0.5A,../data/x4///Day20/#11/#11_0.5A/1_XY01_00119_CH4.tif,12.0,0
36,#11,20,/Day20/#11/#11_0.5A,../data/x4///Day20/#11/#11_0.5A/1_XY01_00136_CH4.tif,12.0,0
37,#11,20,/Day20/#11/#11_0.5A,../data/x4///Day20/#11/#11_0.5A/1_XY01_00108_CH4.tif,12.0,0
38,#11,20,/Day20/#11/#11_0.5A,../data/x4///Day20/#11/#11_0.5A/1_XY01_00118_CH4.tif,12.0,0
39,#11,20,/Day20/#11/#11_0.5A,../data/x4///Day20/#11/#11_0.5A/1_XY01_00135_CH4.tif,12.0,0
40,#11,20,/Day20/#11/#11_0.5A,../data/x4///Day20/#11/#11_0.5A/1_XY01_00147_CH4.tif,12.0,0
41,#11,20,/Day20/#11/#11_0.5A,../data/x4///Day20/#11/#11_0.5A/1_XY01_00134_CH4.tif,12.0,0
42,#11,20,/Day20/#11/#11_0.5A,../data/x4///Day20/#11/#11_0.5A/1_XY01_00146_CH4.tif,12.0,0
43,#11,20,/Day20/#11/#11_1A,../data/x4///Day20/#11/#11_1A/1_XY02_00106_CH4.tif,20.5,0
44,#11,20,/Day20/#11/#11_1A,../data/x4///Day20/#11/#11_1A/1_XY02_00120_CH4.tif,20.5,0
45,#11,20,/Day20/#11/#11_1A,../data/x4///Day20/#11/#11_1A/1_XY02_00121_CH4.tif,20.5,0
46,#11,20,/Day20/#11/#11_1A,../data/x4///Day20/#11/#11_1A/1_XY02_00092_CH4.tif,20.5,0
47,#11,20,/Day20/#11/#11_1A,../data/x4///Day20/#11/#11_1A/1_XY02_00107_CH4.tif,20.5,0
48,#11,20,/Day20/#11/#11_1A,../data/x4///Day20/#11/#11_1A/1_XY02_00117_CH4.tif,20.5,0
49,#11,20,/Day20/#11/#11_1A,../data/x4///Day20/#11/#11_1A/1_XY02_00090_CH4.tif,20.5,0
50,#11,20,/Day20/#11/#11_1A,../data/x4///Day20/#11/#11_1A/1_XY02_00133_CH4.tif,20.5,0
51,#11,20,/Day20/#11/#11_1A,../data/x4///Day20/#11/#11_1A/1_XY02_00148_CH4.tif,20.5,0
52,#11,20,/Day20/#11/#11_1A,../data/x4///Day20/#11/#11_1A/1_XY02_00105_CH4.tif,20.5,0
53,#11,20,/Day20/#11/#11_1A,../data/x4///Day20/#11/#11_1A/1_XY02_00104_CH4.tif,20.5,0
54,#11,20,/Day20/#11/#11_1A,../data/x4///Day20/#11/#11_1A/1_XY02_00091_CH4.tif,20.5,0
55,#11,20,/Day20/#11/#11_1A,../data/x4///Day20/#11/#11_1A/1_XY02_00132_CH4.tif,20.5,0
56,#11,20,/Day20/#11/#11_1A,../data/x4///Day20/#11/#11_1A/1_XY02_00108_CH4.tif,20.5,0
57,#11,20,/Day20/#11/#11_1A,../data/x4///Day20/#11/#11_1A/1_XY02_00118_CH4.tif,20.5,0
58,#11,20,/Day20/#11/#11_1A,../data/x4///Day20/#11/#11_1A/1_XY02_00119_CH4.tif,20.5,0
59,#11,20,/Day20/#11/#11_1A,../data/x4///Day20/#11/#11_1A/1_XY02_00136_CH4.tif,20.5,0
60,#11,20,/Day20/#11/#11_1A,../data/x4///Day20/#11/#11_1A/1_XY02_00134_CH4.tif,20.5,0
61,#11,20,/Day20/#11/#11_1A,../data/x4///Day20/#11/#11_1A/1_XY02_00146_CH4.tif,20.5,0
62,#11,20,/Day20/#11/#11_1A,../data/x4///Day20/#11/#11_1A/1_XY02_00135_CH4.tif,20.5,0
63,#11,20,/Day20/#11/#11_1A,../data/x4///Day20/#11/#11_1A/1_XY02_00147_CH4.tif,20.5,0
64,#11,20,/Day20/#11/#11_2A,../data/x4///Day20/#11/#11_2A/1_XY03_00147_CH4.tif,15.9,0
65,#11,20,/Day20/#11/#11_2A,../data/x4///Day20/#11/#11_2A/1_XY03_00135_CH4.tif,15.9,0
66,#11,20,/Day20/#11/#11_2A,../data/x4///Day20/#11/#11_2A/1_XY03_00146_CH4.tif,15.9,0
67,#11,20,/Day20/#11/#11_2A,../data/x4///Day20/#11/#11_2A/1_XY03_00134_CH4.tif,15.9,0
68,#11,20,/Day20/#11/#11_2A,../data/x4///Day20/#11/#11_2A/1_XY03_00136_CH4.tif,15.9,0
69,#11,20,/Day20/#11/#11_2A,../data/x4///Day20/#11/#11_2A/1_XY03_00119_CH4.tif,15.9,0
70,#11,20,/Day20/#11/#11_2A,../data/x4///Day20/#11/#11_2A/1_XY03_00108_CH4.tif,15.9,0
71,#11,20,/Day20/#11/#11_2A,../data/x4///Day20/#11/#11_2A/1_XY03_00118_CH4.tif,15.9,0
72,#11,20,/Day20/#11/#11_2A,../data/x4///Day20/#11/#11_2A/1_XY03_00104_CH4.tif,15.9,0
73,#11,20,/Day20/#11/#11_2A,../data/x4///Day20/#11/#11_2A/1_XY03_00132_CH4.tif,15.9,0
74,#11,20,/Day20/#11/#11_2A,../data/x4///Day20/#11/#11_2A/1_XY03_00091_CH4.tif,15.9,0
75,#11,20,/Day20/#11/#11_2A,../data/x4///Day20/#11/#11_2A/1_XY03_00133_CH4.tif,15.9,0
76,#11,20,/Day20/#11/#11_2A,../data/x4///Day20/#11/#11_2A/1_XY03_00090_CH4.tif,15.9,0
77,#11,20,/Day20/#11/#11_2A,../data/x4///Day20/#11/#11_2A/1_XY03_00105_CH4.tif,15.9,0
78,#11,20,/Day20/#11/#11_2A,../data/x4///Day20/#11/#11_2A/1_XY03_00148_CH4.tif,15.9,0
79,#11,20,/Day20/#11/#11_2A,../data/x4///Day20/#11/#11_2A/1_XY03_00092_CH4.tif,15.9,0
80,#11,20,/Day20/#11/#11_2A,../data/x4///Day20/#11/#11_2A/1_XY03_00121_CH4.tif,15.9,0
81,#11,20,/Day20/#11/#11_2A,../data/x4///Day20/#11/#11_2A/1_XY03_00107_CH4.tif,15.9,0
82,#11,20,/Day20/#11/#11_2A,../data/x4///Day20/#11/#11_2A/1_XY03_00117_CH4.tif,15.9,0
83,#11,20,/Day20/#11/#11_2A,../data/x4///Day20/#11/#11_2A/1_XY03_00106_CH4.tif,15.9,0
84,#11,20,/Day20/#11/#11_2A,../data/x4///Day20/#11/#11_2A/1_XY03_00120_CH4.tif,15.9,0
85,#11,20,/Day20/#11/#11_0.5B,../data/x4///Day20/#11/#11_0.5B/1_XY04_00146_CH4.tif,18.7,0
86,#11,20,/Day20/#11/#11_0.5B,../data/x4///Day20/#11/#11_0.5B/1_XY04_00134_CH4.tif,18.7,0
87,#11,20,/Day20/#11/#11_0.5B,../data/x4///Day20/#11/#11_0.5B/1_XY04_00147_CH4.tif,18.7,0
88,#11,20,/Day20/#11/#11_0.5B,../data/x4///Day20/#11/#11_0.5B/1_XY04_00135_CH4.tif,18.7,0
89,#11,20,/Day20/#11/#11_0.5B,../data/x4///Day20/#11/#11_0.5B/1_XY04_00108_CH4.tif,18.7,0
90,#11,20,/Day20/#11/#11_0.5B,../data/x4///Day20/#11/#11_0.5B/1_XY04_00118_CH4.tif,18.7,0
91,#11,20,/Day20/#11/#11_0.5B,../data/x4///Day20/#11/#11_0.5B/1_XY04_00119_CH4.tif,18.7,0
92,#11,20,/Day20/#11/#11_0.5B,../data/x4///Day20/#11/#11_0.5B/1_XY04_00136_CH4.tif,18.7,0
93,#11,20,/Day20/#11/#11_0.5B,../data/x4///Day20/#11/#11_0.5B/1_XY04_00148_CH4.tif,18.7,0
94,#11,20,/Day20/#11/#11_0.5B,../data/x4///Day20/#11/#11_0.5B/1_XY04_00105_CH4.tif,18.7,0
95,#11,20,/Day20/#11/#11_0.5B,../data/x4///Day20/#11/#11_0.5B/1_XY04_00133_CH4.tif,18.7,0
96,#11,20,/Day20/#11/#11_0.5B,../data/x4///Day20/#11/#11_0.5B/1_XY04_00090_CH4.tif,18.7,0
97,#11,20,/Day20/#11/#11_0.5B,../data/x4///Day20/#11/#11_0.5B/1_XY04_00132_CH4.tif,18.7,0
98,#11,20,/Day20/#11/#11_0.5B,../data/x4///Day20/#11/#11_0.5B/1_XY04_00091_CH4.tif,18.7,0
99,#11,20,/Day20/#11/#11_0.5B,../data/x4///Day20/#11/#11_0.5B/1_XY04_00104_CH4.tif,18.7,0
100,#11,20,/Day20/#11/#11_0.5B,../data/x4///Day20/#11/#11_0.5B/1_XY04_00120_CH4.tif,18.7,0
101,#11,20,/Day20/#11/#11_0.5B,../data/x4///Day20/#11/#11_0.5B/1_XY04_00106_CH4.tif,18.7,0
102,#11,20,/Day20/#11/#11_0.5B,../data/x4///Day20/#11/#11_0.5B/1_XY04_00107_CH4.tif,18.7,0
103,#11,20,/Day20/#11/#11_0.5B,../data/x4///Day20/#11/#11_0.5B/1_XY04_00117_CH4.tif,18.7,0
104,#11,20,/Day20/#11/#11_0.5B,../data/x4///Day20/#11/#11_0.5B/1_XY04_00092_CH4.tif,18.7,0
105,#11,20,/Day20/#11/#11_0.5B,../data/x4///Day20/#11/#11_0.5B/1_XY04_00121_CH4.tif,18.7,0
106,#11,20,/Day20/#11/#11_1B,../data/x4///Day20/#11/#11_1B/1_XY05_00138_CH4.tif,22.8,0
107,#11,20,/Day20/#11/#11_1B,../data/x4///Day20/#11/#11_1B/1_XY05_00122_CH4.tif,22.8,0
108,#11,20,/Day20/#11/#11_1B,../data/x4///Day20/#11/#11_1B/1_XY05_00098_CH4.tif,22.8,0
109,#11,20,/Day20/#11/#11_1B,../data/x4///Day20/#11/#11_1B/1_XY05_00099_CH4.tif,22.8,0
110,#11,20,/Day20/#11/#11_1B,../data/x4///Day20/#11/#11_1B/1_XY05_00123_CH4.tif,22.8,0
111,#11,20,/Day20/#11/#11_1B,../data/x4///Day20/#11/#11_1B/1_XY05_00085_CH4.tif,22.8,0
112,#11,20,/Day20/#11/#11_1B,../data/x4///Day20/#11/#11_1B/1_XY05_00126_CH4.tif,22.8,0
113,#11,20,/Day20/#11/#11_1B,../data/x4///Day20/#11/#11_1B/1_XY05_00136_CH4.tif,22.8,0
114,#11,20,/Day20/#11/#11_1B,../data/x4///Day20/#11/#11_1B/1_XY05_00109_CH4.tif,22.8,0
115,#11,20,/Day20/#11/#11_1B,../data/x4///Day20/#11/#11_1B/1_XY05_00100_CH4.tif,22.8,0
116,#11,20,/Day20/#11/#11_1B,../data/x4///Day20/#11/#11_1B/1_XY05_00110_CH4.tif,22.8,0
117,#11,20,/Day20/#11/#11_1B,../data/x4///Day20/#11/#11_1B/1_XY05_00111_CH4.tif,22.8,0
118,#11,20,/Day20/#11/#11_1B,../data/x4///Day20/#11/#11_1B/1_XY05_00084_CH4.tif,22.8,0
119,#11,20,/Day20/#11/#11_1B,../data/x4///Day20/#11/#11_1B/1_XY05_00137_CH4.tif,22.8,0
120,#11,20,/Day20/#11/#11_1B,../data/x4///Day20/#11/#11_1B/1_XY05_00113_CH4.tif,22.8,0
121,#11,20,/Day20/#11/#11_1B,../data/x4///Day20/#11/#11_1B/1_XY05_00125_CH4.tif,22.8,0
122,#11,20,/Day20/#11/#11_1B,../data/x4///Day20/#11/#11_1B/1_XY05_00086_CH4.tif,22.8,0
123,#11,20,/Day20/#11/#11_1B,../data/x4///Day20/#11/#11_1B/1_XY05_00096_CH4.tif,22.8,0
124,#11,20,/Day20/#11/#11_1B,../data/x4///Day20/#11/#11_1B/1_XY05_00124_CH4.tif,22.8,0
125,#11,20,/Day20/#11/#11_1B,../data/x4///Day20/#11/#11_1B/1_XY05_00097_CH4.tif,22.8,0
126,#11,20,/Day20/#11/#11_1B,../data/x4///Day20/#11/#11_1B/1_XY05_00112_CH4.tif,22.8,0
127,#11,20,/Day20/#11/#11_2B,../data/x4///Day20/#11/#11_2B/1_XY06_00148_CH4.tif,13.8,0
128,#11,20,/Day20/#11/#11_2B,../data/x4///Day20/#11/#11_2B/1_XY06_00132_CH4.tif,13.8,0
129,#11,20,/Day20/#11/#11_2B,../data/x4///Day20/#11/#11_2B/1_XY06_00136_CH4.tif,13.8,0
130,#11,20,/Day20/#11/#11_2B,../data/x4///Day20/#11/#11_2B/1_XY06_00146_CH4.tif,13.8,0
131,#11,20,/Day20/#11/#11_2B,../data/x4///Day20/#11/#11_2B/1_XY06_00135_CH4.tif,13.8,0
132,#11,20,/Day20/#11/#11_2B,../data/x4///Day20/#11/#11_2B/1_XY06_00147_CH4.tif,13.8,0
133,#8,14,/Day14/#8/#8_0.5B,../data/x4///Day14/#8/#8_0.5B/1_XY04_00146_CH4.tif,8.4,1
134,#8,14,/Day14/#8/#8_0.5B,../data/x4///Day14/#8/#8_0.5B/1_XY04_00147_CH4.tif,8.4,1
135,#8,14,/Day14/#8/#8_0.5B,../data/x4///Day14/#8/#8_0.5B/1_XY04_00135_CH4.tif,8.4,1
136,#8,14,/Day14/#8/#8_0.5B,../data/x4///Day14/#8/#8_0.5B/1_XY04_00136_CH4.tif,8.4,1
137,#8,14,/Day14/#8/#8_0.5B,../data/x4///Day14/#8/#8_0.5B/1_XY04_00148_CH4.tif,8.4,1
138,#8,14,/Day14/#8/#8_1B,../data/x4///Day14/#8/#8_1B/1_XY05_00138_CH4.tif,11.6,0
139,#8,14,/Day14/#8/#8_1B,../data/x4///Day14/#8/#8_1B/1_XY05_00122_CH4.tif,11.6,0
140,#8,14,/Day14/#8/#8_1B,../data/x4///Day14/#8/#8_1B/1_XY05_00098_CH4.tif,11.6,0
141,#8,14,/Day14/#8/#8_1B,../data/x4///Day14/#8/#8_1B/1_XY05_00099_CH4.tif,11.6,0
142,#8,14,/Day14/#8/#8_1B,../data/x4///Day14/#8/#8_1B/1_XY05_00123_CH4.tif,11.6,0
143,#8,14,/Day14/#8/#8_1B,../data/x4///Day14/#8/#8_1B/1_XY05_00085_CH4.tif,11.6,0
144,#8,14,/Day14/#8/#8_1B,../data/x4///Day14/#8/#8_1B/1_XY05_00126_CH4.tif,11.6,0
145,#8,14,/Day14/#8/#8_1B,../data/x4///Day14/#8/#8_1B/1_XY05_00136_CH4.tif,11.6,0
146,#8,14,/Day14/#8/#8_1B,../data/x4///Day14/#8/#8_1B/1_XY05_00109_CH4.tif,11.6,0
147,#8,14,/Day14/#8/#8_1B,../data/x4///Day14/#8/#8_1B/1_XY05_00100_CH4.tif,11.6,0
148,#8,14,/Day14/#8/#8_1B,../data/x4///Day14/#8/#8_1B/1_XY05_00110_CH4.tif,11.6,0
149,#8,14,/Day14/#8/#8_1B,../data/x4///Day14/#8/#8_1B/1_XY05_00111_CH4.tif,11.6,0
150,#8,14,/Day14/#8/#8_1B,../data/x4///Day14/#8/#8_1B/1_XY05_00084_CH4.tif,11.6,0
151,#8,14,/Day14/#8/#8_1B,../data/x4///Day14/#8/#8_1B/1_XY05_00137_CH4.tif,11.6,0
152,#8,14,/Day14/#8/#8_1B,../data/x4///Day14/#8/#8_1B/1_XY05_00113_CH4.tif,11.6,0
153,#8,14,/Day14/#8/#8_1B,../data/x4///Day14/#8/#8_1B/1_XY05_00125_CH4.tif,11.6,0
154,#8,14,/Day14/#8/#8_1B,../data/x4///Day14/#8/#8_1B/1_XY05_00086_CH4.tif,11.6,0
155,#8,14,/Day14/#8/#8_1B,../data/x4///Day14/#8/#8_1B/1_XY05_00096_CH4.tif,11.6,0
156,#8,14,/Day14/#8/#8_1B,../data/x4///Day14/#8/#8_1B/1_XY05_00124_CH4.tif,11.6,0
157,#8,14,/Day14/#8/#8_1B,../data/x4///Day14/#8/#8_1B/1_XY05_00097_CH4.tif,11.6,0
158,#8,14,/Day14/#8/#8_1B,../data/x4///Day14/#8/#8_1B/1_XY05_00112_CH4.tif,11.6,0
159,#8,14,/Day14/#8/#8_2B,../data/x4///Day14/#8/#8_2B/1_XY06_00106_CH4.tif,11.2,0
160,#8,14,/Day14/#8/#8_2B,../data/x4///Day14/#8/#8_2B/1_XY06_00120_CH4.tif,11.2,0
161,#8,14,/Day14/#8/#8_2B,../data/x4///Day14/#8/#8_2B/1_XY06_00121_CH4.tif,11.2,0
162,#8,14,/Day14/#8/#8_2B,../data/x4///Day14/#8/#8_2B/1_XY06_00092_CH4.tif,11.2,0
163,#8,14,/Day14/#8/#8_2B,../data/x4///Day14/#8/#8_2B/1_XY06_00107_CH4.tif,11.2,0
164,#8,14,/Day14/#8/#8_2B,../data/x4///Day14/#8/#8_2B/1_XY06_00117_CH4.tif,11.2,0
165,#8,14,/Day14/#8/#8_2B,../data/x4///Day14/#8/#8_2B/1_XY06_00090_CH4.tif,11.2,0
166,#8,14,/Day14/#8/#8_2B,../data/x4///Day14/#8/#8_2B/1_XY06_00133_CH4.tif,11.2,0
167,#8,14,/Day14/#8/#8_2B,../data/x4///Day14/#8/#8_2B/1_XY06_00105_CH4.tif,11.2,0
168,#8,14,/Day14/#8/#8_2B,../data/x4///Day14/#8/#8_2B/1_XY06_00148_CH4.tif,11.2,0
169,#8,14,/Day14/#8/#8_2B,../data/x4///Day14/#8/#8_2B/1_XY06_00104_CH4.tif,11.2,0
170,#8,14,/Day14/#8/#8_2B,../data/x4///Day14/#8/#8_2B/1_XY06_00091_CH4.tif,11.2,0
171,#8,14,/Day14/#8/#8_2B,../data/x4///Day14/#8/#8_2B/1_XY06_00132_CH4.tif,11.2,0
172,#8,14,/Day14/#8/#8_2B,../data/x4///Day14/#8/#8_2B/1_XY06_00108_CH4.tif,11.2,0
173,#8,14,/Day14/#8/#8_2B,../data/x4///Day14/#8/#8_2B/1_XY06_00118_CH4.tif,11.2,0
174,#8,14,/Day14/#8/#8_2B,../data/x4///Day14/#8/#8_2B/1_XY06_00136_CH4.tif,11.2,0
175,#8,14,/Day14/#8/#8_2B,../data/x4///Day14/#8/#8_2B/1_XY06_00119_CH4.tif,11.2,0
176,#8,14,/Day14/#8/#8_2B,../data/x4///Day14/#8/#8_2B/1_XY06_00134_CH4.tif,11.2,0
177,#8,14,/Day14/#8/#8_2B,../data/x4///Day14/#8/#8_2B/1_XY06_00146_CH4.tif,11.2,0
178,#8,14,/Day14/#8/#8_2B,../data/x4///Day14/#8/#8_2B/1_XY06_00135_CH4.tif,11.2,0
179,#8,14,/Day14/#8/#8_2B,../data/x4///Day14/#8/#8_2B/1_XY06_00147_CH4.tif,11.2,0
180,#9,14,/Day14/#9/#9_1A,../data/x4///Day14/#9/#9_1A/1_XY02_00106_CH4.tif,9.7,1
181,#9,14,/Day14/#9/#9_1A,../data/x4///Day14/#9/#9_1A/1_XY02_00120_CH4.tif,9.7,1
182,#9,14,/Day14/#9/#9_1A,../data/x4///Day14/#9/#9_1A/1_XY02_00121_CH4.tif,9.7,1
183,#9,14,/Day14/#9/#9_1A,../data/x4///Day14/#9/#9_1A/1_XY02_00092_CH4.tif,9.7,1
184,#9,14,/Day14/#9/#9_1A,../data/x4///Day14/#9/#9_1A/1_XY02_00107_CH4.tif,9.7,1
185,#9,14,/Day14/#9/#9_1A,../data/x4///Day14/#9/#9_1A/1_XY02_00117_CH4.tif,9.7,1
186,#9,14,/Day14/#9/#9_1A,../data/x4///Day14/#9/#9_1A/1_XY02_00090_CH4.tif,9.7,1
187,#9,14,/Day14/#9/#9_1A,../data/x4///Day14/#9/#9_1A/1_XY02_00133_CH4.tif,9.7,1
188,#9,14,/Day14/#9/#9_1A,../data/x4///Day14/#9/#9_1A/1_XY02_00148_CH4.tif,9.7,1
189,#9,14,/Day14/#9/#9_1A,../data/x4///Day14/#9/#9_1A/1_XY02_00105_CH4.tif,9.7,1
190,#9,14,/Day14/#9/#9_1A,../data/x4///Day14/#9/#9_1A/1_XY02_00104_CH4.tif,9.7,1
191,#9,14,/Day14/#9/#9_1A,../data/x4///Day14/#9/#9_1A/1_XY02_00091_CH4.tif,9.7,1
192,#9,14,/Day14/#9/#9_1A,../data/x4///Day14/#9/#9_1A/1_XY02_00132_CH4.tif,9.7,1
193,#9,14,/Day14/#9/#9_1A,../data/x4///Day14/#9/#9_1A/1_XY02_00108_CH4.tif,9.7,1
194,#9,14,/Day14/#9/#9_1A,../data/x4///Day14/#9/#9_1A/1_XY02_00118_CH4.tif,9.7,1
195,#9,14,/Day14/#9/#9_1A,../data/x4///Day14/#9/#9_1A/1_XY02_00119_CH4.tif,9.7,1
196,#9,14,/Day14/#9/#9_1A,../data/x4///Day14/#9/#9_1A/1_XY02_00136_CH4.tif,9.7,1
197,#9,14,/Day14/#9/#9_1A,../data/x4///Day14/#9/#9_1A/1_XY02_00134_CH4.tif,9.7,1
198,#9,14,/Day14/#9/#9_1A,../data/x4///Day14/#9/#9_1A/1_XY02_00146_CH4.tif,9.7,1
199,#9,14,/Day14/#9/#9_1A,../data/x4///Day14/#9/#9_1A/1_XY02_00135_CH4.tif,9.7,1
200,#9,14,/Day14/#9/#9_1A,../data/x4///Day14/#9/#9_1A/1_XY02_00147_CH4.tif,9.7,1
201,#9,14,/Day14/#9/#9_2A,../data/x4///Day14/#9/#9_2A/1_XY03_00147_CH4.tif,26.7,0
202,#9,14,/Day14/#9/#9_2A,../data/x4///Day14/#9/#9_2A/1_XY03_00135_CH4.tif,26.7,0
203,#9,14,/Day14/#9/#9_2A,../data/x4///Day14/#9/#9_2A/1_XY03_00146_CH4.tif,26.7,0
204,#9,14,/Day14/#9/#9_2A,../data/x4///Day14/#9/#9_2A/1_XY03_00134_CH4.tif,26.7,0
205,#9,14,/Day14/#9/#9_2A,../data/x4///Day14/#9/#9_2A/1_XY03_00136_CH4.tif,26.7,0
206,#9,14,/Day14/#9/#9_2A,../data/x4///Day14/#9/#9_2A/1_XY03_00119_CH4.tif,26.7,0
207,#9,14,/Day14/#9/#9_2A,../data/x4///Day14/#9/#9_2A/1_XY03_00108_CH4.tif,26.7,0
208,#9,14,/Day14/#9/#9_2A,../data/x4///Day14/#9/#9_2A/1_XY03_00118_CH4.tif,26.7,0
209,#9,14,/Day14/#9/#9_2A,../data/x4///Day14/#9/#9_2A/1_XY03_00104_CH4.tif,26.7,0
210,#9,14,/Day14/#9/#9_2A,../data/x4///Day14/#9/#9_2A/1_XY03_00132_CH4.tif,26.7,0
211,#9,14,/Day14/#9/#9_2A,../data/x4///Day14/#9/#9_2A/1_XY03_00091_CH4.tif,26.7,0
212,#9,14,/Day14/#9/#9_2A,../data/x4///Day14/#9/#9_2A/1_XY03_00133_CH4.tif,26.7,0
213,#9,14,/Day14/#9/#9_2A,../data/x4///Day14/#9/#9_2A/1_XY03_00090_CH4.tif,26.7,0
214,#9,14,/Day14/#9/#9_2A,../data/x4///Day14/#9/#9_2A/1_XY03_00105_CH4.tif,26.7,0
215,#9,14,/Day14/#9/#9_2A,../data/x4///Day14/#9/#9_2A/1_XY03_00148_CH4.tif,26.7,0
216,#9,14,/Day14/#9/#9_2A,../data/x4///Day14/#9/#9_2A/1_XY03_00092_CH4.tif,26.7,0
217,#9,14,/Day14/#9/#9_2A,../data/x4///Day14/#9/#9_2A/1_XY03_00121_CH4.tif,26.7,0
218,#9,14,/Day14/#9/#9_2A,../data/x4///Day14/#9/#9_2A/1_XY03_00107_CH4.tif,26.7,0
219,#9,14,/Day14/#9/#9_2A,../data/x4///Day14/#9/#9_2A/1_XY03_00117_CH4.tif,26.7,0
220,#9,14,/Day14/#9/#9_2A,../data/x4///Day14/#9/#9_2A/1_XY03_00106_CH4.tif,26.7,0
221,#9,14,/Day14/#9/#9_2A,../data/x4///Day14/#9/#9_2A/1_XY03_00120_CH4.tif,26.7,0
222,#9,14,/Day14/#9/#9_1B,../data/x4///Day14/#9/#9_1B/1_XY05_00138_CH4.tif,14.7,0
223,#9,14,/Day14/#9/#9_1B,../data/x4///Day14/#9/#9_1B/1_XY05_00122_CH4.tif,14.7,0
224,#9,14,/Day14/#9/#9_1B,../data/x4///Day14/#9/#9_1B/1_XY05_00098_CH4.tif,14.7,0
225,#9,14,/Day14/#9/#9_1B,../data/x4///Day14/#9/#9_1B/1_XY05_00099_CH4.tif,14.7,0
226,#9,14,/Day14/#9/#9_1B,../data/x4///Day14/#9/#9_1B/1_XY05_00123_CH4.tif,14.7,0
227,#9,14,/Day14/#9/#9_1B,../data/x4///Day14/#9/#9_1B/1_XY05_00085_CH4.tif,14.7,0
228,#9,14,/Day14/#9/#9_1B,../data/x4///Day14/#9/#9_1B/1_XY05_00126_CH4.tif,14.7,0
229,#9,14,/Day14/#9/#9_1B,../data/x4///Day14/#9/#9_1B/1_XY05_00136_CH4.tif,14.7,0
230,#9,14,/Day14/#9/#9_1B,../data/x4///Day14/#9/#9_1B/1_XY05_00109_CH4.tif,14.7,0
231,#9,14,/Day14/#9/#9_1B,../data/x4///Day14/#9/#9_1B/1_XY05_00100_CH4.tif,14.7,0
232,#9,14,/Day14/#9/#9_1B,../data/x4///Day14/#9/#9_1B/1_XY05_00110_CH4.tif,14.7,0
233,#9,14,/Day14/#9/#9_1B,../data/x4///Day14/#9/#9_1B/1_XY05_00111_CH4.tif,14.7,0
234,#9,14,/Day14/#9/#9_1B,../data/x4///Day14/#9/#9_1B/1_XY05_00084_CH4.tif,14.7,0
235,#9,14,/Day14/#9/#9_1B,../data/x4///Day14/#9/#9_1B/1_XY05_00137_CH4.tif,14.7,0
236,#9,14,/Day14/#9/#9_1B,../data/x4///Day14/#9/#9_1B/1_XY05_00113_CH4.tif,14.7,0
237,#9,14,/Day14/#9/#9_1B,../data/x4///Day14/#9/#9_1B/1_XY05_00125_CH4.tif,14.7,0
238,#9,14,/Day14/#9/#9_1B,../data/x4///Day14/#9/#9_1B/1_XY05_00086_CH4.tif,14.7,0
239,#9,14,/Day14/#9/#9_1B,../data/x4///Day14/#9/#9_1B/1_XY05_00096_CH4.tif,14.7,0
240,#9,14,/Day14/#9/#9_1B,../data/x4///Day14/#9/#9_1B/1_XY05_00124_CH4.tif,14.7,0
241,#9,14,/Day14/#9/#9_1B,../data/x4///Day14/#9/#9_1B/1_XY05_00097_CH4.tif,14.7,0
242,#9,14,/Day14/#9/#9_1B,../data/x4///Day14/#9/#9_1B/1_XY05_00112_CH4.tif,14.7,0
243,#9,14,/Day14/#9/#9_2B,../data/x4///Day14/#9/#9_2B/1_XY06_00106_CH4.tif,17.2,0
244,#9,14,/Day14/#9/#9_2B,../data/x4///Day14/#9/#9_2B/1_XY06_00120_CH4.tif,17.2,0
245,#9,14,/Day14/#9/#9_2B,../data/x4///Day14/#9/#9_2B/1_XY06_00121_CH4.tif,17.2,0
246,#9,14,/Day14/#9/#9_2B,../data/x4///Day14/#9/#9_2B/1_XY06_00092_CH4.tif,17.2,0
247,#9,14,/Day14/#9/#9_2B,../data/x4///Day14/#9/#9_2B/1_XY06_00107_CH4.tif,17.2,0
248,#9,14,/Day14/#9/#9_2B,../data/x4///Day14/#9/#9_2B/1_XY06_00117_CH4.tif,17.2,0
249,#9,14,/Day14/#9/#9_2B,../data/x4///Day14/#9/#9_2B/1_XY06_00090_CH4.tif,17.2,0
250,#9,14,/Day14/#9/#9_2B,../data/x4///Day14/#9/#9_2B/1_XY06_00133_CH4.tif,17.2,0
251,#9,14,/Day14/#9/#9_2B,../data/x4///Day14/#9/#9_2B/1_XY06_00105_CH4.tif,17.2,0
252,#9,14,/Day14/#9/#9_2B,../data/x4///Day14/#9/#9_2B/1_XY06_00148_CH4.tif,17.2,0
253,#9,14,/Day14/#9/#9_2B,../data/x4///Day14/#9/#9_2B/1_XY06_00104_CH4.tif,17.2,0
254,#9,14,/Day14/#9/#9_2B,../data/x4///Day14/#9/#9_2B/1_XY06_00091_CH4.tif,17.2,0
255,#9,14,/Day14/#9/#9_2B,../data/x4///Day14/#9/#9_2B/1_XY06_00132_CH4.tif,17.2,0
256,#9,14,/Day14/#9/#9_2B,../data/x4///Day14/#9/#9_2B/1_XY06_00108_CH4.tif,17.2,0
257,#9,14,/Day14/#9/#9_2B,../data/x4///Day14/#9/#9_2B/1_XY06_00118_CH4.tif,17.2,0
258,#9,14,/Day14/#9/#9_2B,../data/x4///Day14/#9/#9_2B/1_XY06_00136_CH4.tif,17.2,0
259,#9,14,/Day14/#9/#9_2B,../data/x4///Day14/#9/#9_2B/1_XY06_00119_CH4.tif,17.2,0
260,#9,14,/Day14/#9/#9_2B,../data/x4///Day14/#9/#9_2B/1_XY06_00134_CH4.tif,17.2,0
261,#9,14,/Day14/#9/#9_2B,../data/x4///Day14/#9/#9_2B/1_XY06_00146_CH4.tif,17.2,0
262,#9,14,/Day14/#9/#9_2B,../data/x4///Day14/#9/#9_2B/1_XY06_00135_CH4.tif,17.2,0
263,#9,14,/Day14/#9/#9_2B,../data/x4///Day14/#9/#9_2B/1_XY06_00147_CH4.tif,17.2,0
264,#10,14,/Day14/#10/#10_0.5A,../data/x4///Day14/#10/#10_0.5A/1_XY01_00107_CH4.tif,14.8,0
265,#10,14,/Day14/#10/#10_0.5A,../data/x4///Day14/#10/#10_0.5A/1_XY01_00117_CH4.tif,14.8,0
266,#10,14,/Day14/#10/#10_0.5A,../data/x4///Day14/#10/#10_0.5A/1_XY01_00121_CH4.tif,14.8,0
267,#10,14,/Day14/#10/#10_0.5A,../data/x4///Day14/#10/#10_0.5A/1_XY01_00092_CH4.tif,14.8,0
268,#10,14,/Day14/#10/#10_0.5A,../data/x4///Day14/#10/#10_0.5A/1_XY01_00120_CH4.tif,14.8,0
269,#10,14,/Day14/#10/#10_0.5A,../data/x4///Day14/#10/#10_0.5A/1_XY01_00106_CH4.tif,14.8,0
270,#10,14,/Day14/#10/#10_0.5A,../data/x4///Day14/#10/#10_0.5A/1_XY01_00091_CH4.tif,14.8,0
271,#10,14,/Day14/#10/#10_0.5A,../data/x4///Day14/#10/#10_0.5A/1_XY01_00132_CH4.tif,14.8,0
272,#10,14,/Day14/#10/#10_0.5A,../data/x4///Day14/#10/#10_0.5A/1_XY01_00104_CH4.tif,14.8,0
273,#10,14,/Day14/#10/#10_0.5A,../data/x4///Day14/#10/#10_0.5A/1_XY01_00148_CH4.tif,14.8,0
274,#10,14,/Day14/#10/#10_0.5A,../data/x4///Day14/#10/#10_0.5A/1_XY01_00105_CH4.tif,14.8,0
275,#10,14,/Day14/#10/#10_0.5A,../data/x4///Day14/#10/#10_0.5A/1_XY01_00090_CH4.tif,14.8,0
276,#10,14,/Day14/#10/#10_0.5A,../data/x4///Day14/#10/#10_0.5A/1_XY01_00133_CH4.tif,14.8,0
277,#10,14,/Day14/#10/#10_0.5A,../data/x4///Day14/#10/#10_0.5A/1_XY01_00119_CH4.tif,14.8,0
278,#10,14,/Day14/#10/#10_0.5A,../data/x4///Day14/#10/#10_0.5A/1_XY01_00136_CH4.tif,14.8,0
279,#10,14,/Day14/#10/#10_0.5A,../data/x4///Day14/#10/#10_0.5A/1_XY01_00108_CH4.tif,14.8,0
280,#10,14,/Day14/#10/#10_0.5A,../data/x4///Day14/#10/#10_0.5A/1_XY01_00118_CH4.tif,14.8,0
281,#10,14,/Day14/#10/#10_0.5A,../data/x4///Day14/#10/#10_0.5A/1_XY01_00135_CH4.tif,14.8,0
282,#10,14,/Day14/#10/#10_0.5A,../data/x4///Day14/#10/#10_0.5A/1_XY01_00147_CH4.tif,14.8,0
283,#10,14,/Day14/#10/#10_0.5A,../data/x4///Day14/#10/#10_0.5A/1_XY01_00134_CH4.tif,14.8,0
284,#10,14,/Day14/#10/#10_0.5A,../data/x4///Day14/#10/#10_0.5A/1_XY01_00146_CH4.tif,14.8,0
285,#10,14,/Day14/#10/#10_1A,../data/x4///Day14/#10/#10_1A/1_XY02_00148_CH4.tif,22.7,0
286,#10,14,/Day14/#10/#10_1A,../data/x4///Day14/#10/#10_1A/1_XY02_00132_CH4.tif,22.7,0
287,#10,14,/Day14/#10/#10_1A,../data/x4///Day14/#10/#10_1A/1_XY02_00108_CH4.tif,22.7,0
288,#10,14,/Day14/#10/#10_1A,../data/x4///Day14/#10/#10_1A/1_XY02_00134_CH4.tif,22.7,0
289,#10,14,/Day14/#10/#10_1A,../data/x4///Day14/#10/#10_1A/1_XY02_00146_CH4.tif,22.7,0
290,#10,14,/Day14/#10/#10_1A,../data/x4///Day14/#10/#10_1A/1_XY02_00147_CH4.tif,22.7,0
291,#10,14,/Day14/#10/#10_2A,../data/x4///Day14/#10/#10_2A/1_XY03_00147_CH4.tif,12.5,0
292,#10,14,/Day14/#10/#10_2A,../data/x4///Day14/#10/#10_2A/1_XY03_00135_CH4.tif,12.5,0
293,#10,14,/Day14/#10/#10_2A,../data/x4///Day14/#10/#10_2A/1_XY03_00146_CH4.tif,12.5,0
294,#10,14,/Day14/#10/#10_2A,../data/x4///Day14/#10/#10_2A/1_XY03_00134_CH4.tif,12.5,0
295,#10,14,/Day14/#10/#10_2A,../data/x4///Day14/#10/#10_2A/1_XY03_00136_CH4.tif,12.5,0
296,#10,14,/Day14/#10/#10_2A,../data/x4///Day14/#10/#10_2A/1_XY03_00119_CH4.tif,12.5,0
297,#10,14,/Day14/#10/#10_2A,../data/x4///Day14/#10/#10_2A/1_XY03_00108_CH4.tif,12.5,0
298,#10,14,/Day14/#10/#10_2A,../data/x4///Day14/#10/#10_2A/1_XY03_00118_CH4.tif,12.5,0
299,#10,14,/Day14/#10/#10_2A,../data/x4///Day14/#10/#10_2A/1_XY03_00104_CH4.tif,12.5,0
300,#10,14,/Day14/#10/#10_2A,../data/x4///Day14/#10/#10_2A/1_XY03_00132_CH4.tif,12.5,0
301,#10,14,/Day14/#10/#10_2A,../data/x4///Day14/#10/#10_2A/1_XY03_00091_CH4.tif,12.5,0
302,#10,14,/Day14/#10/#10_2A,../data/x4///Day14/#10/#10_2A/1_XY03_00133_CH4.tif,12.5,0
303,#10,14,/Day14/#10/#10_2A,../data/x4///Day14/#10/#10_2A/1_XY03_00090_CH4.tif,12.5,0
304,#10,14,/Day14/#10/#10_2A,../data/x4///Day14/#10/#10_2A/1_XY03_00105_CH4.tif,12.5,0
305,#10,14,/Day14/#10/#10_2A,../data/x4///Day14/#10/#10_2A/1_XY03_00148_CH4.tif,12.5,0
306,#10,14,/Day14/#10/#10_2A,../data/x4///Day14/#10/#10_2A/1_XY03_00092_CH4.tif,12.5,0
307,#10,14,/Day14/#10/#10_2A,../data/x4///Day14/#10/#10_2A/1_XY03_00121_CH4.tif,12.5,0
308,#10,14,/Day14/#10/#10_2A,../data/x4///Day14/#10/#10_2A/1_XY03_00107_CH4.tif,12.5,0
309,#10,14,/Day14/#10/#10_2A,../data/x4///Day14/#10/#10_2A/1_XY03_00117_CH4.tif,12.5,0
310,#10,14,/Day14/#10/#10_2A,../data/x4///Day14/#10/#10_2A/1_XY03_00106_CH4.tif,12.5,0
311,#10,14,/Day14/#10/#10_2A,../data/x4///Day14/#10/#10_2A/1_XY03_00120_CH4.tif,12.5,0
312,#10,14,/Day14/#10/#10_0.5B,../data/x4///Day14/#10/#10_0.5B/1_XY04_00146_CH4.tif,25.3,0
313,#10,14,/Day14/#10/#10_0.5B,../data/x4///Day14/#10/#10_0.5B/1_XY04_00134_CH4.tif,25.3,0
314,#10,14,/Day14/#10/#10_0.5B,../data/x4///Day14/#10/#10_0.5B/1_XY04_00147_CH4.tif,25.3,0
315,#10,14,/Day14/#10/#10_0.5B,../data/x4///Day14/#10/#10_0.5B/1_XY04_00135_CH4.tif,25.3,0
316,#10,14,/Day14/#10/#10_0.5B,../data/x4///Day14/#10/#10_0.5B/1_XY04_00108_CH4.tif,25.3,0
317,#10,14,/Day14/#10/#10_0.5B,../data/x4///Day14/#10/#10_0.5B/1_XY04_00118_CH4.tif,25.3,0
318,#10,14,/Day14/#10/#10_0.5B,../data/x4///Day14/#10/#10_0.5B/1_XY04_00119_CH4.tif,25.3,0
319,#10,14,/Day14/#10/#10_0.5B,../data/x4///Day14/#10/#10_0.5B/1_XY04_00136_CH4.tif,25.3,0
320,#10,14,/Day14/#10/#10_0.5B,../data/x4///Day14/#10/#10_0.5B/1_XY04_00148_CH4.tif,25.3,0
321,#10,14,/Day14/#10/#10_0.5B,../data/x4///Day14/#10/#10_0.5B/1_XY04_00105_CH4.tif,25.3,0
322,#10,14,/Day14/#10/#10_0.5B,../data/x4///Day14/#10/#10_0.5B/1_XY04_00133_CH4.tif,25.3,0
323,#10,14,/Day14/#10/#10_0.5B,../data/x4///Day14/#10/#10_0.5B/1_XY04_00090_CH4.tif,25.3,0
324,#10,14,/Day14/#10/#10_0.5B,../data/x4///Day14/#10/#10_0.5B/1_XY04_00132_CH4.tif,25.3,0
325,#10,14,/Day14/#10/#10_0.5B,../data/x4///Day14/#10/#10_0.5B/1_XY04_00091_CH4.tif,25.3,0
326,#10,14,/Day14/#10/#10_0.5B,../data/x4///Day14/#10/#10_0.5B/1_XY04_00104_CH4.tif,25.3,0
327,#10,14,/Day14/#10/#10_0.5B,../data/x4///Day14/#10/#10_0.5B/1_XY04_00120_CH4.tif,25.3,0
328,#10,14,/Day14/#10/#10_0.5B,../data/x4///Day14/#10/#10_0.5B/1_XY04_00106_CH4.tif,25.3,0
329,#10,14,/Day14/#10/#10_0.5B,../data/x4///Day14/#10/#10_0.5B/1_XY04_00107_CH4.tif,25.3,0
330,#10,14,/Day14/#10/#10_0.5B,../data/x4///Day14/#10/#10_0.5B/1_XY04_00117_CH4.tif,25.3,0
331,#10,14,/Day14/#10/#10_0.5B,../data/x4///Day14/#10/#10_0.5B/1_XY04_00092_CH4.tif,25.3,0
332,#10,14,/Day14/#10/#10_0.5B,../data/x4///Day14/#10/#10_0.5B/1_XY04_00121_CH4.tif,25.3,0
333,#10,14,/Day14/#10/#10_1B,../data/x4///Day14/#10/#10_1B/1_XY05_00138_CH4.tif,23.6,0
334,#10,14,/Day14/#10/#10_1B,../data/x4///Day14/#10/#10_1B/1_XY05_00122_CH4.tif,23.6,0
335,#10,14,/Day14/#10/#10_1B,../data/x4///Day14/#10/#10_1B/1_XY05_00098_CH4.tif,23.6,0
336,#10,14,/Day14/#10/#10_1B,../data/x4///Day14/#10/#10_1B/1_XY05_00099_CH4.tif,23.6,0
337,#10,14,/Day14/#10/#10_1B,../data/x4///Day14/#10/#10_1B/1_XY05_00123_CH4.tif,23.6,0
338,#10,14,/Day14/#10/#10_1B,../data/x4///Day14/#10/#10_1B/1_XY05_00085_CH4.tif,23.6,0
339,#10,14,/Day14/#10/#10_1B,../data/x4///Day14/#10/#10_1B/1_XY05_00126_CH4.tif,23.6,0
340,#10,14,/Day14/#10/#10_1B,../data/x4///Day14/#10/#10_1B/1_XY05_00136_CH4.tif,23.6,0
341,#10,14,/Day14/#10/#10_1B,../data/x4///Day14/#10/#10_1B/1_XY05_00109_CH4.tif,23.6,0
342,#10,14,/Day14/#10/#10_1B,../data/x4///Day14/#10/#10_1B/1_XY05_00100_CH4.tif,23.6,0
343,#10,14,/Day14/#10/#10_1B,../data/x4///Day14/#10/#10_1B/1_XY05_00110_CH4.tif,23.6,0
344,#10,14,/Day14/#10/#10_1B,../data/x4///Day14/#10/#10_1B/1_XY05_00111_CH4.tif,23.6,0
345,#10,14,/Day14/#10/#10_1B,../data/x4///Day14/#10/#10_1B/1_XY05_00084_CH4.tif,23.6,0
346,#10,14,/Day14/#10/#10_1B,../data/x4///Day14/#10/#10_1B/1_XY05_00137_CH4.tif,23.6,0
347,#10,14,/Day14/#10/#10_1B,../data/x4///Day14/#10/#10_1B/1_XY05_00113_CH4.tif,23.6,0
348,#10,14,/Day14/#10/#10_1B,../data/x4///Day14/#10/#10_1B/1_XY05_00125_CH4.tif,23.6,0
349,#10,14,/Day14/#10/#10_1B,../data/x4///Day14/#10/#10_1B/1_XY05_00086_CH4.tif,23.6,0
350,#10,14,/Day14/#10/#10_1B,../data/x4///Day14/#10/#10_1B/1_XY05_00096_CH4.tif,23.6,0
351,#10,14,/Day14/#10/#10_1B,../data/x4///Day14/#10/#10_1B/1_XY05_00124_CH4.tif,23.6,0
352,#10,14,/Day14/#10/#10_1B,../data/x4///Day14/#10/#10_1B/1_XY05_00097_CH4.tif,23.6,0
353,#10,14,/Day14/#10/#10_1B,../data/x4///Day14/#10/#10_1B/1_XY05_00112_CH4.tif,23.6,0
354,#10,14,/Day14/#10/#10_2B,../data/x4///Day14/#10/#10_2B/1_XY06_00106_CH4.tif,17.9,0
355,#10,14,/Day14/#10/#10_2B,../data/x4///Day14/#10/#10_2B/1_XY06_00120_CH4.tif,17.9,0
356,#10,14,/Day14/#10/#10_2B,../data/x4///Day14/#10/#10_2B/1_XY06_00121_CH4.tif,17.9,0
357,#10,14,/Day14/#10/#10_2B,../data/x4///Day14/#10/#10_2B/1_XY06_00092_CH4.tif,17.9,0
358,#10,14,/Day14/#10/#10_2B,../data/x4///Day14/#10/#10_2B/1_XY06_00107_CH4.tif,17.9,0
359,#10,14,/Day14/#10/#10_2B,../data/x4///Day14/#10/#10_2B/1_XY06_00117_CH4.tif,17.9,0
360,#10,14,/Day14/#10/#10_2B,../data/x4///Day14/#10/#10_2B/1_XY06_00090_CH4.tif,17.9,0
361,#10,14,/Day14/#10/#10_2B,../data/x4///Day14/#10/#10_2B/1_XY06_00133_CH4.tif,17.9,0
362,#10,14,/Day14/#10/#10_2B,../data/x4///Day14/#10/#10_2B/1_XY06_00105_CH4.tif,17.9,0
363,#10,14,/Day14/#10/#10_2B,../data/x4///Day14/#10/#10_2B/1_XY06_00148_CH4.tif,17.9,0
364,#10,14,/Day14/#10/#10_2B,../data/x4///Day14/#10/#10_2B/1_XY06_00104_CH4.tif,17.9,0
365,#10,14,/Day14/#10/#10_2B,../data/x4///Day14/#10/#10_2B/1_XY06_00091_CH4.tif,17.9,0
366,#10,14,/Day14/#10/#10_2B,../data/x4///Day14/#10/#10_2B/1_XY06_00132_CH4.tif,17.9,0
367,#10,14,/Day14/#10/#10_2B,../data/x4///Day14/#10/#10_2B/1_XY06_00108_CH4.tif,17.9,0
368,#10,14,/Day14/#10/#10_2B,../data/x4///Day14/#10/#10_2B/1_XY06_00118_CH4.tif,17.9,0
369,#10,14,/Day14/#10/#10_2B,../data/x4///Day14/#10/#10_2B/1_XY06_00136_CH4.tif,17.9,0
370,#10,14,/Day14/#10/#10_2B,../data/x4///Day14/#10/#10_2B/1_XY06_00119_CH4.tif,17.9,0
371,#10,14,/Day14/#10/#10_2B,../data/x4///Day14/#10/#10_2B/1_XY06_00134_CH4.tif,17.9,0
372,#10,14,/Day14/#10/#10_2B,../data/x4///Day14/#10/#10_2B/1_XY06_00146_CH4.tif,17.9,0
373,#10,14,/Day14/#10/#10_2B,../data/x4///Day14/#10/#10_2B/1_XY06_00135_CH4.tif,17.9,0
374,#10,14,/Day14/#10/#10_2B,../data/x4///Day14/#10/#10_2B/1_XY06_00147_CH4.tif,17.9,0
375,#12,14,/Day14/#12/#12_0.5A,../data/x4///Day14/#12/#12_0.5A/1_XY01_00107_CH4.tif,23.6,0
376,#12,14,/Day14/#12/#12_0.5A,../data/x4///Day14/#12/#12_0.5A/1_XY01_00117_CH4.tif,23.6,0
377,#12,14,/Day14/#12/#12_0.5A,../data/x4///Day14/#12/#12_0.5A/1_XY01_00121_CH4.tif,23.6,0
378,#12,14,/Day14/#12/#12_0.5A,../data/x4///Day14/#12/#12_0.5A/1_XY01_00092_CH4.tif,23.6,0
379,#12,14,/Day14/#12/#12_0.5A,../data/x4///Day14/#12/#12_0.5A/1_XY01_00120_CH4.tif,23.6,0
380,#12,14,/Day14/#12/#12_0.5A,../data/x4///Day14/#12/#12_0.5A/1_XY01_00106_CH4.tif,23.6,0
381,#12,14,/Day14/#12/#12_0.5A,../data/x4///Day14/#12/#12_0.5A/1_XY01_00091_CH4.tif,23.6,0
382,#12,14,/Day14/#12/#12_0.5A,../data/x4///Day14/#12/#12_0.5A/1_XY01_00132_CH4.tif,23.6,0
383,#12,14,/Day14/#12/#12_0.5A,../data/x4///Day14/#12/#12_0.5A/1_XY01_00104_CH4.tif,23.6,0
384,#12,14,/Day14/#12/#12_0.5A,../data/x4///Day14/#12/#12_0.5A/1_XY01_00148_CH4.tif,23.6,0
385,#12,14,/Day14/#12/#12_0.5A,../data/x4///Day14/#12/#12_0.5A/1_XY01_00105_CH4.tif,23.6,0
386,#12,14,/Day14/#12/#12_0.5A,../data/x4///Day14/#12/#12_0.5A/1_XY01_00090_CH4.tif,23.6,0
387,#12,14,/Day14/#12/#12_0.5A,../data/x4///Day14/#12/#12_0.5A/1_XY01_00133_CH4.tif,23.6,0
388,#12,14,/Day14/#12/#12_0.5A,../data/x4///Day14/#12/#12_0.5A/1_XY01_00119_CH4.tif,23.6,0
389,#12,14,/Day14/#12/#12_0.5A,../data/x4///Day14/#12/#12_0.5A/1_XY01_00136_CH4.tif,23.6,0
390,#12,14,/Day14/#12/#12_0.5A,../data/x4///Day14/#12/#12_0.5A/1_XY01_00108_CH4.tif,23.6,0
391,#12,14,/Day14/#12/#12_0.5A,../data/x4///Day14/#12/#12_0.5A/1_XY01_00118_CH4.tif,23.6,0
392,#12,14,/Day14/#12/#12_0.5A,../data/x4///Day14/#12/#12_0.5A/1_XY01_00135_CH4.tif,23.6,0
393,#12,14,/Day14/#12/#12_0.5A,../data/x4///Day14/#12/#12_0.5A/1_XY01_00147_CH4.tif,23.6,0
394,#12,14,/Day14/#12/#12_0.5A,../data/x4///Day14/#12/#12_0.5A/1_XY01_00134_CH4.tif,23.6,0
395,#12,14,/Day14/#12/#12_0.5A,../data/x4///Day14/#12/#12_0.5A/1_XY01_00146_CH4.tif,23.6,0
396,#12,14,/Day14/#12/#12_1A,../data/x4///Day14/#12/#12_1A/1_XY02_00106_CH4.tif,18.2,0
397,#12,14,/Day14/#12/#12_1A,../data/x4///Day14/#12/#12_1A/1_XY02_00120_CH4.tif,18.2,0
398,#12,14,/Day14/#12/#12_1A,../data/x4///Day14/#12/#12_1A/1_XY02_00121_CH4.tif,18.2,0
399,#12,14,/Day14/#12/#12_1A,../data/x4///Day14/#12/#12_1A/1_XY02_00092_CH4.tif,18.2,0
400,#12,14,/Day14/#12/#12_1A,../data/x4///Day14/#12/#12_1A/1_XY02_00107_CH4.tif,18.2,0
401,#12,14,/Day14/#12/#12_1A,../data/x4///Day14/#12/#12_1A/1_XY02_00117_CH4.tif,18.2,0
402,#12,14,/Day14/#12/#12_1A,../data/x4///Day14/#12/#12_1A/1_XY02_00090_CH4.tif,18.2,0
403,#12,14,/Day14/#12/#12_1A,../data/x4///Day14/#12/#12_1A/1_XY02_00133_CH4.tif,18.2,0
404,#12,14,/Day14/#12/#12_1A,../data/x4///Day14/#12/#12_1A/1_XY02_00148_CH4.tif,18.2,0
405,#12,14,/Day14/#12/#12_1A,../data/x4///Day14/#12/#12_1A/1_XY02_00105_CH4.tif,18.2,0
406,#12,14,/Day14/#12/#12_1A,../data/x4///Day14/#12/#12_1A/1_XY02_00104_CH4.tif,18.2,0
407,#12,14,/Day14/#12/#12_1A,../data/x4///Day14/#12/#12_1A/1_XY02_00091_CH4.tif,18.2,0
408,#12,14,/Day14/#12/#12_1A,../data/x4///Day14/#12/#12_1A/1_XY02_00132_CH4.tif,18.2,0
409,#12,14,/Day14/#12/#12_1A,../data/x4///Day14/#12/#12_1A/1_XY02_00108_CH4.tif,18.2,0
410,#12,14,/Day14/#12/#12_1A,../data/x4///Day14/#12/#12_1A/1_XY02_00118_CH4.tif,18.2,0
411,#12,14,/Day14/#12/#12_1A,../data/x4///Day14/#12/#12_1A/1_XY02_00119_CH4.tif,18.2,0
412,#12,14,/Day14/#12/#12_1A,../data/x4///Day14/#12/#12_1A/1_XY02_00136_CH4.tif,18.2,0
413,#12,14,/Day14/#12/#12_1A,../data/x4///Day14/#12/#12_1A/1_XY02_00134_CH4.tif,18.2,0
414,#12,14,/Day14/#12/#12_1A,../data/x4///Day14/#12/#12_1A/1_XY02_00146_CH4.tif,18.2,0
415,#12,14,/Day14/#12/#12_1A,../data/x4///Day14/#12/#12_1A/1_XY02_00135_CH4.tif,18.2,0
416,#12,14,/Day14/#12/#12_1A,../data/x4///Day14/#12/#12_1A/1_XY02_00147_CH4.tif,18.2,0
417,#12,14,/Day14/#12/#12_2A,../data/x4///Day14/#12/#12_2A/1_XY03_00147_CH4.tif,8.1,1
418,#12,14,/Day14/#12/#12_2A,../data/x4///Day14/#12/#12_2A/1_XY03_00135_CH4.tif,8.1,1
419,#12,14,/Day14/#12/#12_2A,../data/x4///Day14/#12/#12_2A/1_XY03_00146_CH4.tif,8.1,1
420,#12,14,/Day14/#12/#12_2A,../data/x4///Day14/#12/#12_2A/1_XY03_00134_CH4.tif,8.1,1
421,#12,14,/Day14/#12/#12_2A,../data/x4///Day14/#12/#12_2A/1_XY03_00136_CH4.tif,8.1,1
422,#12,14,/Day14/#12/#12_2A,../data/x4///Day14/#12/#12_2A/1_XY03_00119_CH4.tif,8.1,1
423,#12,14,/Day14/#12/#12_2A,../data/x4///Day14/#12/#12_2A/1_XY03_00108_CH4.tif,8.1,1
424,#12,14,/Day14/#12/#12_2A,../data/x4///Day14/#12/#12_2A/1_XY03_00118_CH4.tif,8.1,1
425,#12,14,/Day14/#12/#12_2A,../data/x4///Day14/#12/#12_2A/1_XY03_00104_CH4.tif,8.1,1
426,#12,14,/Day14/#12/#12_2A,../data/x4///Day14/#12/#12_2A/1_XY03_00132_CH4.tif,8.1,1
427,#12,14,/Day14/#12/#12_2A,../data/x4///Day14/#12/#12_2A/1_XY03_00091_CH4.tif,8.1,1
428,#12,14,/Day14/#12/#12_2A,../data/x4///Day14/#12/#12_2A/1_XY03_00133_CH4.tif,8.1,1
429,#12,14,/Day14/#12/#12_2A,../data/x4///Day14/#12/#12_2A/1_XY03_00090_CH4.tif,8.1,1
430,#12,14,/Day14/#12/#12_2A,../data/x4///Day14/#12/#12_2A/1_XY03_00105_CH4.tif,8.1,1
431,#12,14,/Day14/#12/#12_2A,../data/x4///Day14/#12/#12_2A/1_XY03_00148_CH4.tif,8.1,1
432,#12,14,/Day14/#12/#12_2A,../data/x4///Day14/#12/#12_2A/1_XY03_00092_CH4.tif,8.1,1
433,#12,14,/Day14/#12/#12_2A,../data/x4///Day14/#12/#12_2A/1_XY03_00121_CH4.tif,8.1,1
434,#12,14,/Day14/#12/#12_2A,../data/x4///Day14/#12/#12_2A/1_XY03_00107_CH4.tif,8.1,1
435,#12,14,/Day14/#12/#12_2A,../data/x4///Day14/#12/#12_2A/1_XY03_00117_CH4.tif,8.1,1
436,#12,14,/Day14/#12/#12_2A,../data/x4///Day14/#12/#12_2A/1_XY03_00106_CH4.tif,8.1,1
437,#12,14,/Day14/#12/#12_2A,../data/x4///Day14/#12/#12_2A/1_XY03_00120_CH4.tif,8.1,1
438,#12,14,/Day14/#12/#12_0.5B,../data/x4///Day14/#12/#12_0.5B/1_XY04_00146_CH4.tif,31.0,0
439,#12,14,/Day14/#12/#12_0.5B,../data/x4///Day14/#12/#12_0.5B/1_XY04_00134_CH4.tif,31.0,0
440,#12,14,/Day14/#12/#12_0.5B,../data/x4///Day14/#12/#12_0.5B/1_XY04_00147_CH4.tif,31.0,0
441,#12,14,/Day14/#12/#12_0.5B,../data/x4///Day14/#12/#12_0.5B/1_XY04_00135_CH4.tif,31.0,0
442,#12,14,/Day14/#12/#12_0.5B,../data/x4///Day14/#12/#12_0.5B/1_XY04_00108_CH4.tif,31.0,0
443,#12,14,/Day14/#12/#12_0.5B,../data/x4///Day14/#12/#12_0.5B/1_XY04_00118_CH4.tif,31.0,0
444,#12,14,/Day14/#12/#12_0.5B,../data/x4///Day14/#12/#12_0.5B/1_XY04_00119_CH4.tif,31.0,0
445,#12,14,/Day14/#12/#12_0.5B,../data/x4///Day14/#12/#12_0.5B/1_XY04_00136_CH4.tif,31.0,0
446,#12,14,/Day14/#12/#12_0.5B,../data/x4///Day14/#12/#12_0.5B/1_XY04_00148_CH4.tif,31.0,0
447,#12,14,/Day14/#12/#12_0.5B,../data/x4///Day14/#12/#12_0.5B/1_XY04_00105_CH4.tif,31.0,0
448,#12,14,/Day14/#12/#12_0.5B,../data/x4///Day14/#12/#12_0.5B/1_XY04_00133_CH4.tif,31.0,0
449,#12,14,/Day14/#12/#12_0.5B,../data/x4///Day14/#12/#12_0.5B/1_XY04_00090_CH4.tif,31.0,0
450,#12,14,/Day14/#12/#12_0.5B,../data/x4///Day14/#12/#12_0.5B/1_XY04_00132_CH4.tif,31.0,0
451,#12,14,/Day14/#12/#12_0.5B,../data/x4///Day14/#12/#12_0.5B/1_XY04_00091_CH4.tif,31.0,0
452,#12,14,/Day14/#12/#12_0.5B,../data/x4///Day14/#12/#12_0.5B/1_XY04_00104_CH4.tif,31.0,0
453,#12,14,/Day14/#12/#12_0.5B,../data/x4///Day14/#12/#12_0.5B/1_XY04_00120_CH4.tif,31.0,0
454,#12,14,/Day14/#12/#12_0.5B,../data/x4///Day14/#12/#12_0.5B/1_XY04_00106_CH4.tif,31.0,0
455,#12,14,/Day14/#12/#12_0.5B,../data/x4///Day14/#12/#12_0.5B/1_XY04_00107_CH4.tif,31.0,0
456,#12,14,/Day14/#12/#12_0.5B,../data/x4///Day14/#12/#12_0.5B/1_XY04_00117_CH4.tif,31.0,0
457,#12,14,/Day14/#12/#12_0.5B,../data/x4///Day14/#12/#12_0.5B/1_XY04_00092_CH4.tif,31.0,0
458,#12,14,/Day14/#12/#12_0.5B,../data/x4///Day14/#12/#12_0.5B/1_XY04_00121_CH4.tif,31.0,0
459,#12,14,/Day14/#12/#12_1B,../data/x4///Day14/#12/#12_1B/1_XY05_00138_CH4.tif,28.0,0
460,#12,14,/Day14/#12/#12_1B,../data/x4///Day14/#12/#12_1B/1_XY05_00122_CH4.tif,28.0,0
461,#12,14,/Day14/#12/#12_1B,../data/x4///Day14/#12/#12_1B/1_XY05_00098_CH4.tif,28.0,0
462,#12,14,/Day14/#12/#12_1B,../data/x4///Day14/#12/#12_1B/1_XY05_00099_CH4.tif,28.0,0
463,#12,14,/Day14/#12/#12_1B,../data/x4///Day14/#12/#12_1B/1_XY05_00123_CH4.tif,28.0,0
464,#12,14,/Day14/#12/#12_1B,../data/x4///Day14/#12/#12_1B/1_XY05_00085_CH4.tif,28.0,0
465,#12,14,/Day14/#12/#12_1B,../data/x4///Day14/#12/#12_1B/1_XY05_00126_CH4.tif,28.0,0
466,#12,14,/Day14/#12/#12_1B,../data/x4///Day14/#12/#12_1B/1_XY05_00136_CH4.tif,28.0,0
467,#12,14,/Day14/#12/#12_1B,../data/x4///Day14/#12/#12_1B/1_XY05_00109_CH4.tif,28.0,0
468,#12,14,/Day14/#12/#12_1B,../data/x4///Day14/#12/#12_1B/1_XY05_00100_CH4.tif,28.0,0
469,#12,14,/Day14/#12/#12_1B,../data/x4///Day14/#12/#12_1B/1_XY05_00110_CH4.tif,28.0,0
470,#12,14,/Day14/#12/#12_1B,../data/x4///Day14/#12/#12_1B/1_XY05_00111_CH4.tif,28.0,0
471,#12,14,/Day14/#12/#12_1B,../data/x4///Day14/#12/#12_1B/1_XY05_00084_CH4.tif,28.0,0
472,#12,14,/Day14/#12/#12_1B,../data/x4///Day14/#12/#12_1B/1_XY05_00137_CH4.tif,28.0,0
473,#12,14,/Day14/#12/#12_1B,../data/x4///Day14/#12/#12_1B/1_XY05_00113_CH4.tif,28.0,0
474,#12,14,/Day14/#12/#12_1B,../data/x4///Day14/#12/#12_1B/1_XY05_00125_CH4.tif,28.0,0
475,#12,14,/Day14/#12/#12_1B,../data/x4///Day14/#12/#12_1B/1_XY05_00086_CH4.tif,28.0,0
476,#12,14,/Day14/#12/#12_1B,../data/x4///Day14/#12/#12_1B/1_XY05_00096_CH4.tif,28.0,0
477,#12,14,/Day14/#12/#12_1B,../data/x4///Day14/#12/#12_1B/1_XY05_00124_CH4.tif,28.0,0
478,#12,14,/Day14/#12/#12_1B,../data/x4///Day14/#12/#12_1B/1_XY05_00097_CH4.tif,28.0,0
479,#12,14,/Day14/#12/#12_1B,../data/x4///Day14/#12/#12_1B/1_XY05_00112_CH4.tif,28.0,0
480,#12,14,/Day14/#12/#12_2B,../data/x4///Day14/#12/#12_2B/1_XY06_00106_CH4.tif,7.9,1
481,#12,14,/Day14/#12/#12_2B,../data/x4///Day14/#12/#12_2B/1_XY06_00120_CH4.tif,7.9,1
482,#12,14,/Day14/#12/#12_2B,../data/x4///Day14/#12/#12_2B/1_XY06_00121_CH4.tif,7.9,1
483,#12,14,/Day14/#12/#12_2B,../data/x4///Day14/#12/#12_2B/1_XY06_00092_CH4.tif,7.9,1
484,#12,14,/Day14/#12/#12_2B,../data/x4///Day14/#12/#12_2B/1_XY06_00107_CH4.tif,7.9,1
485,#12,14,/Day14/#12/#12_2B,../data/x4///Day14/#12/#12_2B/1_XY06_00117_CH4.tif,7.9,1
486,#12,14,/Day14/#12/#12_2B,../data/x4///Day14/#12/#12_2B/1_XY06_00090_CH4.tif,7.9,1
487,#12,14,/Day14/#12/#12_2B,../data/x4///Day14/#12/#12_2B/1_XY06_00133_CH4.tif,7.9,1
488,#12,14,/Day14/#12/#12_2B,../data/x4///Day14/#12/#12_2B/1_XY06_00105_CH4.tif,7.9,1
489,#12,14,/Day14/#12/#12_2B,../data/x4///Day14/#12/#12_2B/1_XY06_00148_CH4.tif,7.9,1
490,#12,14,/Day14/#12/#12_2B,../data/x4///Day14/#12/#12_2B/1_XY06_00104_CH4.tif,7.9,1
491,#12,14,/Day14/#12/#12_2B,../data/x4///Day14/#12/#12_2B/1_XY06_00091_CH4.tif,7.9,1
492,#12,14,/Day14/#12/#12_2B,../data/x4///Day14/#12/#12_2B/1_XY06_00132_CH4.tif,7.9,1
493,#12,14,/Day14/#12/#12_2B,../data/x4///Day14/#12/#12_2B/1_XY06_00108_CH4.tif,7.9,1
494,#12,14,/Day14/#12/#12_2B,../data/x4///Day14/#12/#12_2B/1_XY06_00118_CH4.tif,7.9,1
495,#12,14,/Day14/#12/#12_2B,../data/x4///Day14/#12/#12_2B/1_XY06_00136_CH4.tif,7.9,1
496,#12,14,/Day14/#12/#12_2B,../data/x4///Day14/#12/#12_2B/1_XY06_00119_CH4.tif,7.9,1
497,#12,14,/Day14/#12/#12_2B,../data/x4///Day14/#12/#12_2B/1_XY06_00134_CH4.tif,7.9,1
498,#12,14,/Day14/#12/#12_2B,../data/x4///Day14/#12/#12_2B/1_XY06_00146_CH4.tif,7.9,1
499,#12,14,/Day14/#12/#12_2B,../data/x4///Day14/#12/#12_2B/1_XY06_00135_CH4.tif,7.9,1
500,#12,14,/Day14/#12/#12_2B,../data/x4///Day14/#12/#12_2B/1_XY06_00147_CH4.tif,7.9,1
501,#13,14,/Day14/#13/#13_0.3-0.5,../data/x4///Day14/#13/#13_0.3-0.5/1_XY01_00107_CH4.tif,12.1,0
502,#13,14,/Day14/#13/#13_0.3-0.5,../data/x4///Day14/#13/#13_0.3-0.5/1_XY01_00117_CH4.tif,12.1,0
503,#13,14,/Day14/#13/#13_0.3-0.5,../data/x4///Day14/#13/#13_0.3-0.5/1_XY01_00121_CH4.tif,12.1,0
504,#13,14,/Day14/#13/#13_0.3-0.5,../data/x4///Day14/#13/#13_0.3-0.5/1_XY01_00092_CH4.tif,12.1,0
505,#13,14,/Day14/#13/#13_0.3-0.5,../data/x4///Day14/#13/#13_0.3-0.5/1_XY01_00120_CH4.tif,12.1,0
506,#13,14,/Day14/#13/#13_0.3-0.5,../data/x4///Day14/#13/#13_0.3-0.5/1_XY01_00106_CH4.tif,12.1,0
507,#13,14,/Day14/#13/#13_0.3-0.5,../data/x4///Day14/#13/#13_0.3-0.5/1_XY01_00091_CH4.tif,12.1,0
508,#13,14,/Day14/#13/#13_0.3-0.5,../data/x4///Day14/#13/#13_0.3-0.5/1_XY01_00132_CH4.tif,12.1,0
509,#13,14,/Day14/#13/#13_0.3-0.5,../data/x4///Day14/#13/#13_0.3-0.5/1_XY01_00104_CH4.tif,12.1,0
510,#13,14,/Day14/#13/#13_0.3-0.5,../data/x4///Day14/#13/#13_0.3-0.5/1_XY01_00148_CH4.tif,12.1,0
511,#13,14,/Day14/#13/#13_0.3-0.5,../data/x4///Day14/#13/#13_0.3-0.5/1_XY01_00105_CH4.tif,12.1,0
512,#13,14,/Day14/#13/#13_0.3-0.5,../data/x4///Day14/#13/#13_0.3-0.5/1_XY01_00090_CH4.tif,12.1,0
513,#13,14,/Day14/#13/#13_0.3-0.5,../data/x4///Day14/#13/#13_0.3-0.5/1_XY01_00133_CH4.tif,12.1,0
514,#13,14,/Day14/#13/#13_0.3-0.5,../data/x4///Day14/#13/#13_0.3-0.5/1_XY01_00119_CH4.tif,12.1,0
515,#13,14,/Day14/#13/#13_0.3-0.5,../data/x4///Day14/#13/#13_0.3-0.5/1_XY01_00136_CH4.tif,12.1,0
516,#13,14,/Day14/#13/#13_0.3-0.5,../data/x4///Day14/#13/#13_0.3-0.5/1_XY01_00108_CH4.tif,12.1,0
517,#13,14,/Day14/#13/#13_0.3-0.5,../data/x4///Day14/#13/#13_0.3-0.5/1_XY01_00118_CH4.tif,12.1,0
518,#13,14,/Day14/#13/#13_0.3-0.5,../data/x4///Day14/#13/#13_0.3-0.5/1_XY01_00135_CH4.tif,12.1,0
519,#13,14,/Day14/#13/#13_0.3-0.5,../data/x4///Day14/#13/#13_0.3-0.5/1_XY01_00147_CH4.tif,12.1,0
520,#13,14,/Day14/#13/#13_0.3-0.5,../data/x4///Day14/#13/#13_0.3-0.5/1_XY01_00134_CH4.tif,12.1,0
521,#13,14,/Day14/#13/#13_0.3-0.5,../data/x4///Day14/#13/#13_0.3-0.5/1_XY01_00146_CH4.tif,12.1,0
522,#13,14,/Day14/#13/#13_0.3-1,../data/x4///Day14/#13/#13_0.3-1/1_XY02_00106_CH4.tif,17.0,0
523,#13,14,/Day14/#13/#13_0.3-1,../data/x4///Day14/#13/#13_0.3-1/1_XY02_00120_CH4.tif,17.0,0
524,#13,14,/Day14/#13/#13_0.3-1,../data/x4///Day14/#13/#13_0.3-1/1_XY02_00121_CH4.tif,17.0,0
525,#13,14,/Day14/#13/#13_0.3-1,../data/x4///Day14/#13/#13_0.3-1/1_XY02_00092_CH4.tif,17.0,0
526,#13,14,/Day14/#13/#13_0.3-1,../data/x4///Day14/#13/#13_0.3-1/1_XY02_00107_CH4.tif,17.0,0
527,#13,14,/Day14/#13/#13_0.3-1,../data/x4///Day14/#13/#13_0.3-1/1_XY02_00117_CH4.tif,17.0,0
528,#13,14,/Day14/#13/#13_0.3-1,../data/x4///Day14/#13/#13_0.3-1/1_XY02_00090_CH4.tif,17.0,0
529,#13,14,/Day14/#13/#13_0.3-1,../data/x4///Day14/#13/#13_0.3-1/1_XY02_00133_CH4.tif,17.0,0
530,#13,14,/Day14/#13/#13_0.3-1,../data/x4///Day14/#13/#13_0.3-1/1_XY02_00148_CH4.tif,17.0,0
531,#13,14,/Day14/#13/#13_0.3-1,../data/x4///Day14/#13/#13_0.3-1/1_XY02_00105_CH4.tif,17.0,0
532,#13,14,/Day14/#13/#13_0.3-1,../data/x4///Day14/#13/#13_0.3-1/1_XY02_00104_CH4.tif,17.0,0
533,#13,14,/Day14/#13/#13_0.3-1,../data/x4///Day14/#13/#13_0.3-1/1_XY02_00091_CH4.tif,17.0,0
534,#13,14,/Day14/#13/#13_0.3-1,../data/x4///Day14/#13/#13_0.3-1/1_XY02_00132_CH4.tif,17.0,0
535,#13,14,/Day14/#13/#13_0.3-1,../data/x4///Day14/#13/#13_0.3-1/1_XY02_00108_CH4.tif,17.0,0
536,#13,14,/Day14/#13/#13_0.3-1,../data/x4///Day14/#13/#13_0.3-1/1_XY02_00118_CH4.tif,17.0,0
537,#13,14,/Day14/#13/#13_0.3-1,../data/x4///Day14/#13/#13_0.3-1/1_XY02_00119_CH4.tif,17.0,0
538,#13,14,/Day14/#13/#13_0.3-1,../data/x4///Day14/#13/#13_0.3-1/1_XY02_00136_CH4.tif,17.0,0
539,#13,14,/Day14/#13/#13_0.3-1,../data/x4///Day14/#13/#13_0.3-1/1_XY02_00134_CH4.tif,17.0,0
540,#13,14,/Day14/#13/#13_0.3-1,../data/x4///Day14/#13/#13_0.3-1/1_XY02_00146_CH4.tif,17.0,0
541,#13,14,/Day14/#13/#13_0.3-1,../data/x4///Day14/#13/#13_0.3-1/1_XY02_00135_CH4.tif,17.0,0
542,#13,14,/Day14/#13/#13_0.3-1,../data/x4///Day14/#13/#13_0.3-1/1_XY02_00147_CH4.tif,17.0,0
543,#13,14,/Day14/#13/#13_0.3-2,../data/x4///Day14/#13/#13_0.3-2/1_XY03_00147_CH4.tif,8.3,1
544,#13,14,/Day14/#13/#13_0.3-2,../data/x4///Day14/#13/#13_0.3-2/1_XY03_00135_CH4.tif,8.3,1
545,#13,14,/Day14/#13/#13_0.3-2,../data/x4///Day14/#13/#13_0.3-2/1_XY03_00146_CH4.tif,8.3,1
546,#13,14,/Day14/#13/#13_0.3-2,../data/x4///Day14/#13/#13_0.3-2/1_XY03_00134_CH4.tif,8.3,1
547,#13,14,/Day14/#13/#13_0.3-2,../data/x4///Day14/#13/#13_0.3-2/1_XY03_00136_CH4.tif,8.3,1
548,#13,14,/Day14/#13/#13_0.3-2,../data/x4///Day14/#13/#13_0.3-2/1_XY03_00119_CH4.tif,8.3,1
549,#13,14,/Day14/#13/#13_0.3-2,../data/x4///Day14/#13/#13_0.3-2/1_XY03_00108_CH4.tif,8.3,1
550,#13,14,/Day14/#13/#13_0.3-2,../data/x4///Day14/#13/#13_0.3-2/1_XY03_00118_CH4.tif,8.3,1
551,#13,14,/Day14/#13/#13_0.3-2,../data/x4///Day14/#13/#13_0.3-2/1_XY03_00104_CH4.tif,8.3,1
552,#13,14,/Day14/#13/#13_0.3-2,../data/x4///Day14/#13/#13_0.3-2/1_XY03_00132_CH4.tif,8.3,1
553,#13,14,/Day14/#13/#13_0.3-2,../data/x4///Day14/#13/#13_0.3-2/1_XY03_00091_CH4.tif,8.3,1
554,#13,14,/Day14/#13/#13_0.3-2,../data/x4///Day14/#13/#13_0.3-2/1_XY03_00133_CH4.tif,8.3,1
555,#13,14,/Day14/#13/#13_0.3-2,../data/x4///Day14/#13/#13_0.3-2/1_XY03_00090_CH4.tif,8.3,1
556,#13,14,/Day14/#13/#13_0.3-2,../data/x4///Day14/#13/#13_0.3-2/1_XY03_00105_CH4.tif,8.3,1
557,#13,14,/Day14/#13/#13_0.3-2,../data/x4///Day14/#13/#13_0.3-2/1_XY03_00148_CH4.tif,8.3,1
558,#13,14,/Day14/#13/#13_0.3-2,../data/x4///Day14/#13/#13_0.3-2/1_XY03_00092_CH4.tif,8.3,1
559,#13,14,/Day14/#13/#13_0.3-2,../data/x4///Day14/#13/#13_0.3-2/1_XY03_00121_CH4.tif,8.3,1
560,#13,14,/Day14/#13/#13_0.3-2,../data/x4///Day14/#13/#13_0.3-2/1_XY03_00107_CH4.tif,8.3,1
561,#13,14,/Day14/#13/#13_0.3-2,../data/x4///Day14/#13/#13_0.3-2/1_XY03_00117_CH4.tif,8.3,1
562,#13,14,/Day14/#13/#13_0.3-2,../data/x4///Day14/#13/#13_0.3-2/1_XY03_00106_CH4.tif,8.3,1
563,#13,14,/Day14/#13/#13_0.3-2,../data/x4///Day14/#13/#13_0.3-2/1_XY03_00120_CH4.tif,8.3,1
564,#13,14,/Day14/#13/#13_0.5-0.5,../data/x4///Day14/#13/#13_0.5-0.5/1_XY04_00146_CH4.tif,4.2,1
565,#13,14,/Day14/#13/#13_0.5-0.5,../data/x4///Day14/#13/#13_0.5-0.5/1_XY04_00134_CH4.tif,4.2,1
566,#13,14,/Day14/#13/#13_0.5-0.5,../data/x4///Day14/#13/#13_0.5-0.5/1_XY04_00147_CH4.tif,4.2,1
567,#13,14,/Day14/#13/#13_0.5-0.5,../data/x4///Day14/#13/#13_0.5-0.5/1_XY04_00135_CH4.tif,4.2,1
568,#13,14,/Day14/#13/#13_0.5-0.5,../data/x4///Day14/#13/#13_0.5-0.5/1_XY04_00108_CH4.tif,4.2,1
569,#13,14,/Day14/#13/#13_0.5-0.5,../data/x4///Day14/#13/#13_0.5-0.5/1_XY04_00118_CH4.tif,4.2,1
570,#13,14,/Day14/#13/#13_0.5-0.5,../data/x4///Day14/#13/#13_0.5-0.5/1_XY04_00119_CH4.tif,4.2,1
571,#13,14,/Day14/#13/#13_0.5-0.5,../data/x4///Day14/#13/#13_0.5-0.5/1_XY04_00136_CH4.tif,4.2,1
572,#13,14,/Day14/#13/#13_0.5-0.5,../data/x4///Day14/#13/#13_0.5-0.5/1_XY04_00148_CH4.tif,4.2,1
573,#13,14,/Day14/#13/#13_0.5-0.5,../data/x4///Day14/#13/#13_0.5-0.5/1_XY04_00105_CH4.tif,4.2,1
574,#13,14,/Day14/#13/#13_0.5-0.5,../data/x4///Day14/#13/#13_0.5-0.5/1_XY04_00133_CH4.tif,4.2,1
575,#13,14,/Day14/#13/#13_0.5-0.5,../data/x4///Day14/#13/#13_0.5-0.5/1_XY04_00090_CH4.tif,4.2,1
576,#13,14,/Day14/#13/#13_0.5-0.5,../data/x4///Day14/#13/#13_0.5-0.5/1_XY04_00132_CH4.tif,4.2,1
577,#13,14,/Day14/#13/#13_0.5-0.5,../data/x4///Day14/#13/#13_0.5-0.5/1_XY04_00091_CH4.tif,4.2,1
578,#13,14,/Day14/#13/#13_0.5-0.5,../data/x4///Day14/#13/#13_0.5-0.5/1_XY04_00104_CH4.tif,4.2,1
579,#13,14,/Day14/#13/#13_0.5-0.5,../data/x4///Day14/#13/#13_0.5-0.5/1_XY04_00120_CH4.tif,4.2,1
580,#13,14,/Day14/#13/#13_0.5-0.5,../data/x4///Day14/#13/#13_0.5-0.5/1_XY04_00106_CH4.tif,4.2,1
581,#13,14,/Day14/#13/#13_0.5-0.5,../data/x4///Day14/#13/#13_0.5-0.5/1_XY04_00107_CH4.tif,4.2,1
582,#13,14,/Day14/#13/#13_0.5-0.5,../data/x4///Day14/#13/#13_0.5-0.5/1_XY04_00117_CH4.tif,4.2,1
583,#13,14,/Day14/#13/#13_0.5-0.5,../data/x4///Day14/#13/#13_0.5-0.5/1_XY04_00092_CH4.tif,4.2,1
584,#13,14,/Day14/#13/#13_0.5-0.5,../data/x4///Day14/#13/#13_0.5-0.5/1_XY04_00121_CH4.tif,4.2,1
585,#13,14,/Day14/#13/#13_0.5-1,../data/x4///Day14/#13/#13_0.5-1/1_XY05_00138_CH4.tif,18.3,0
586,#13,14,/Day14/#13/#13_0.5-1,../data/x4///Day14/#13/#13_0.5-1/1_XY05_00122_CH4.tif,18.3,0
587,#13,14,/Day14/#13/#13_0.5-1,../data/x4///Day14/#13/#13_0.5-1/1_XY05_00098_CH4.tif,18.3,0
588,#13,14,/Day14/#13/#13_0.5-1,../data/x4///Day14/#13/#13_0.5-1/1_XY05_00099_CH4.tif,18.3,0
589,#13,14,/Day14/#13/#13_0.5-1,../data/x4///Day14/#13/#13_0.5-1/1_XY05_00123_CH4.tif,18.3,0
590,#13,14,/Day14/#13/#13_0.5-1,../data/x4///Day14/#13/#13_0.5-1/1_XY05_00085_CH4.tif,18.3,0
591,#13,14,/Day14/#13/#13_0.5-1,../data/x4///Day14/#13/#13_0.5-1/1_XY05_00126_CH4.tif,18.3,0
592,#13,14,/Day14/#13/#13_0.5-1,../data/x4///Day14/#13/#13_0.5-1/1_XY05_00136_CH4.tif,18.3,0
593,#13,14,/Day14/#13/#13_0.5-1,../data/x4///Day14/#13/#13_0.5-1/1_XY05_00109_CH4.tif,18.3,0
594,#13,14,/Day14/#13/#13_0.5-1,../data/x4///Day14/#13/#13_0.5-1/1_XY05_00100_CH4.tif,18.3,0
595,#13,14,/Day14/#13/#13_0.5-1,../data/x4///Day14/#13/#13_0.5-1/1_XY05_00110_CH4.tif,18.3,0
596,#13,14,/Day14/#13/#13_0.5-1,../data/x4///Day14/#13/#13_0.5-1/1_XY05_00111_CH4.tif,18.3,0
597,#13,14,/Day14/#13/#13_0.5-1,../data/x4///Day14/#13/#13_0.5-1/1_XY05_00084_CH4.tif,18.3,0
598,#13,14,/Day14/#13/#13_0.5-1,../data/x4///Day14/#13/#13_0.5-1/1_XY05_00137_CH4.tif,18.3,0
599,#13,14,/Day14/#13/#13_0.5-1,../data/x4///Day14/#13/#13_0.5-1/1_XY05_00113_CH4.tif,18.3,0
600,#13,14,/Day14/#13/#13_0.5-1,../data/x4///Day14/#13/#13_0.5-1/1_XY05_00125_CH4.tif,18.3,0
601,#13,14,/Day14/#13/#13_0.5-1,../data/x4///Day14/#13/#13_0.5-1/1_XY05_00086_CH4.tif,18.3,0
602,#13,14,/Day14/#13/#13_0.5-1,../data/x4///Day14/#13/#13_0.5-1/1_XY05_00096_CH4.tif,18.3,0
603,#13,14,/Day14/#13/#13_0.5-1,../data/x4///Day14/#13/#13_0.5-1/1_XY05_00124_CH4.tif,18.3,0
604,#13,14,/Day14/#13/#13_0.5-1,../data/x4///Day14/#13/#13_0.5-1/1_XY05_00097_CH4.tif,18.3,0
605,#13,14,/Day14/#13/#13_0.5-1,../data/x4///Day14/#13/#13_0.5-1/1_XY05_00112_CH4.tif,18.3,0
606,#13,14,/Day14/#13/#13_0.5-2,../data/x4///Day14/#13/#13_0.5-2/1_XY06_00106_CH4.tif,18.5,0
607,#13,14,/Day14/#13/#13_0.5-2,../data/x4///Day14/#13/#13_0.5-2/1_XY06_00120_CH4.tif,18.5,0
608,#13,14,/Day14/#13/#13_0.5-2,../data/x4///Day14/#13/#13_0.5-2/1_XY06_00121_CH4.tif,18.5,0
609,#13,14,/Day14/#13/#13_0.5-2,../data/x4///Day14/#13/#13_0.5-2/1_XY06_00092_CH4.tif,18.5,0
610,#13,14,/Day14/#13/#13_0.5-2,../data/x4///Day14/#13/#13_0.5-2/1_XY06_00107_CH4.tif,18.5,0
611,#13,14,/Day14/#13/#13_0.5-2,../data/x4///Day14/#13/#13_0.5-2/1_XY06_00117_CH4.tif,18.5,0
612,#13,14,/Day14/#13/#13_0.5-2,../data/x4///Day14/#13/#13_0.5-2/1_XY06_00090_CH4.tif,18.5,0
613,#13,14,/Day14/#13/#13_0.5-2,../data/x4///Day14/#13/#13_0.5-2/1_XY06_00133_CH4.tif,18.5,0
614,#13,14,/Day14/#13/#13_0.5-2,../data/x4///Day14/#13/#13_0.5-2/1_XY06_00105_CH4.tif,18.5,0
615,#13,14,/Day14/#13/#13_0.5-2,../data/x4///Day14/#13/#13_0.5-2/1_XY06_00148_CH4.tif,18.5,0
616,#13,14,/Day14/#13/#13_0.5-2,../data/x4///Day14/#13/#13_0.5-2/1_XY06_00104_CH4.tif,18.5,0
617,#13,14,/Day14/#13/#13_0.5-2,../data/x4///Day14/#13/#13_0.5-2/1_XY06_00091_CH4.tif,18.5,0
618,#13,14,/Day14/#13/#13_0.5-2,../data/x4///Day14/#13/#13_0.5-2/1_XY06_00132_CH4.tif,18.5,0
619,#13,14,/Day14/#13/#13_0.5-2,../data/x4///Day14/#13/#13_0.5-2/1_XY06_00108_CH4.tif,18.5,0
620,#13,14,/Day14/#13/#13_0.5-2,../data/x4///Day14/#13/#13_0.5-2/1_XY06_00118_CH4.tif,18.5,0
621,#13,14,/Day14/#13/#13_0.5-2,../data/x4///Day14/#13/#13_0.5-2/1_XY06_00136_CH4.tif,18.5,0
622,#13,14,/Day14/#13/#13_0.5-2,../data/x4///Day14/#13/#13_0.5-2/1_XY06_00119_CH4.tif,18.5,0
623,#13,14,/Day14/#13/#13_0.5-2,../data/x4///Day14/#13/#13_0.5-2/1_XY06_00134_CH4.tif,18.5,0
624,#13,14,/Day14/#13/#13_0.5-2,../data/x4///Day14/#13/#13_0.5-2/1_XY06_00146_CH4.tif,18.5,0
625,#13,14,/Day14/#13/#13_0.5-2,../data/x4///Day14/#13/#13_0.5-2/1_XY06_00135_CH4.tif,18.5,0
626,#13,14,/Day14/#13/#13_0.5-2,../data/x4///Day14/#13/#13_0.5-2/1_XY06_00147_CH4.tif,18.5,0
